filename,width,height,class,xmin,ymin,xmax,ymax
glass1.jpg,512,384,glass,207,182,445,322
glass10.jpg,512,384,glass,49,266,512,382
glass100.jpg,512,384,glass,19,113,489,317
glass101.jpg,512,384,glass,165,24,453,384
glass102.jpg,512,384,glass,71,108,423,244
glass103.jpg,512,384,glass,189,1,427,384
glass104.jpg,512,384,glass,1,38,472,192
glass105.jpg,512,384,glass,159,99,398,384
glass106.jpg,512,384,glass,171,1,309,352
glass107.jpg,512,384,glass,187,1,443,383
glass108.jpg,512,384,glass,128,98,363,298
glass109.jpg,512,384,glass,120,3,512,351
glass11.jpg,512,384,glass,59,86,446,292
glass110.jpg,512,384,glass,105,61,379,384
glass111.jpg,512,384,glass,117,43,405,313
glass112.jpg,512,384,glass,76,179,440,384
glass113.jpg,512,384,glass,45,128,450,260
glass114.jpg,512,384,glass,145,76,487,384
glass115.jpg,512,384,glass,201,113,306,221
glass116.jpg,512,384,glass,4,98,382,313
glass117.jpg,512,384,glass,85,4,511,329
glass118.jpg,512,384,glass,1,42,512,216
glass119.jpg,512,384,glass,74,1,355,384
glass12.jpg,512,384,glass,54,72,330,237
glass120.jpg,512,384,glass,253,103,510,384
glass121.jpg,512,384,glass,1,52,512,273
glass122.jpg,512,384,glass,1,1,326,375
glass123.jpg,512,384,glass,53,1,437,259
glass124.jpg,512,384,glass,1,79,458,287
glass125.jpg,512,384,glass,18,144,512,292
glass126.jpg,512,384,glass,146,1,511,383
glass127.jpg,512,384,glass,215,123,325,229
glass128.jpg,512,384,glass,32,64,512,255
glass129.jpg,512,384,glass,177,3,512,382
glass13.jpg,512,384,glass,72,82,315,296
glass130.jpg,512,384,glass,140,88,512,285
glass131.jpg,512,384,glass,132,1,420,310
glass132.jpg,512,384,glass,175,114,318,260
glass133.jpg,512,384,glass,175,49,508,384
glass134.jpg,512,384,glass,153,168,511,384
glass135.jpg,512,384,glass,96,68,401,259
glass136.jpg,512,384,glass,192,77,363,382
glass137.jpg,512,384,glass,1,124,383,304
glass138.jpg,512,384,glass,53,56,366,384
glass139.jpg,512,384,glass,4,5,510,380
glass14.jpg,512,384,glass,172,129,333,244
glass140.jpg,512,384,glass,114,104,326,259
glass141.jpg,512,384,glass,1,1,317,366
glass142.jpg,512,384,glass,60,1,468,384
glass143.jpg,512,384,glass,1,102,512,343
glass144.jpg,512,384,glass,137,48,353,342
glass145.jpg,512,384,glass,2,119,512,348
glass146.jpg,512,384,glass,177,1,373,384
glass147.jpg,512,384,glass,106,66,313,218
glass148.jpg,512,384,glass,28,91,424,384
glass149.jpg,512,384,glass,1,75,512,203
glass15.jpg,512,384,glass,106,118,308,274
glass150.jpg,512,384,glass,39,37,375,327
glass151.jpg,512,384,glass,1,100,512,353
glass152.jpg,512,384,glass,52,112,482,257
glass153.jpg,512,384,glass,124,33,379,292
glass154.jpg,512,384,glass,203,1,472,384
glass155.jpg,512,384,glass,99,125,510,335
glass156.jpg,512,384,glass,5,7,511,382
glass157.jpg,512,384,glass,2,2,403,383
glass158.jpg,512,384,glass,168,101,450,383
glass159.jpg,512,384,glass,171,73,358,384
glass16.jpg,512,384,glass,97,53,290,199
glass160.jpg,512,384,glass,136,74,396,314
glass161.jpg,512,384,glass,79,134,379,235
glass162.jpg,512,384,glass,113,92,455,384
glass163.jpg,512,384,glass,1,17,306,329
glass164.jpg,512,384,glass,191,38,511,384
glass165.jpg,512,384,glass,1,1,407,221
glass166.jpg,512,384,glass,53,155,404,261
glass167.jpg,512,384,glass,19,65,336,359
glass168.jpg,512,384,glass,172,59,435,300
glass169.jpg,512,384,glass,145,35,410,331
glass17.jpg,512,384,glass,2,59,496,290
glass170.jpg,512,384,glass,149,120,315,286
glass171.jpg,512,384,glass,102,100,414,271
glass172.jpg,512,384,glass,183,124,477,256
glass173.jpg,512,384,glass,163,127,358,324
glass174.jpg,512,384,glass,1,1,422,384
glass175.jpg,512,384,glass,162,140,311,286
glass176.jpg,512,384,glass,1,1,512,292
glass177.jpg,512,384,glass,1,92,465,325
glass178.jpg,512,384,glass,123,130,288,219
glass179.jpg,512,384,glass,2,110,427,384
glass18.jpg,512,384,glass,24,163,511,331
glass180.jpg,512,384,glass,49,130,282,272
glass181.jpg,512,384,glass,14,188,467,303
glass182.jpg,512,384,glass,160,99,285,228
glass183.jpg,512,384,glass,140,119,281,257
glass184.jpg,512,384,glass,149,1,512,295
glass185.jpg,512,384,glass,46,43,462,311
glass186.jpg,512,384,glass,82,42,427,384
glass187.jpg,512,384,glass,82,113,297,243
glass188.jpg,512,384,glass,128,78,276,285
glass189.jpg,512,384,glass,255,1,512,258
glass19.jpg,512,384,glass,36,103,508,384
glass190.jpg,512,384,glass,1,107,402,383
glass191.jpg,512,384,glass,122,133,283,243
glass192.jpg,512,384,glass,1,1,512,347
glass193.jpg,512,384,glass,145,85,320,250
glass194.jpg,512,384,glass,77,110,315,235
glass195.jpg,512,384,glass,65,36,417,377
glass196.jpg,512,384,glass,139,20,345,321
glass197.jpg,512,384,glass,221,123,399,384
glass198.jpg,512,384,glass,116,21,399,361
glass199.jpg,512,384,glass,6,1,487,383
glass2.jpg,512,384,glass,70,98,280,276
glass20.jpg,512,384,glass,132,7,448,384
glass200.jpg,512,384,glass,52,1,507,363
glass201.jpg,512,384,glass,80,123,498,383
glass202.jpg,512,384,glass,107,48,395,307
glass203.jpg,512,384,glass,119,116,390,273
glass204.jpg,512,384,glass,56,119,290,278
glass205.jpg,512,384,glass,89,28,268,354
glass206.jpg,512,384,glass,76,72,414,330
glass207.jpg,512,384,glass,80,113,380,261
glass208.jpg,512,384,glass,30,73,430,275
glass209.jpg,512,384,glass,53,92,298,225
glass21.jpg,512,384,glass,8,4,436,384
glass210.jpg,512,384,glass,105,86,366,279
glass211.jpg,512,384,glass,48,90,326,238
glass212.jpg,512,384,glass,143,162,346,272
glass213.jpg,512,384,glass,217,176,307,267
glass214.jpg,512,384,glass,190,69,328,330
glass215.jpg,512,384,glass,131,71,366,306
glass216.jpg,512,384,glass,66,142,366,254
glass217.jpg,512,384,glass,78,103,311,261
glass218.jpg,512,384,glass,76,86,414,264
glass219.jpg,512,384,glass,52,1,437,384
glass22.jpg,512,384,glass,196,134,406,384
glass220.jpg,512,384,glass,85,156,273,236
glass221.jpg,512,384,glass,210,58,329,319
glass222.jpg,512,384,glass,142,142,407,269
glass223.jpg,512,384,glass,151,149,349,273
glass224.jpg,512,384,glass,47,158,300,236
glass225.jpg,512,384,glass,108,120,419,253
glass226.jpg,512,384,glass,156,157,465,384
glass227.jpg,512,384,glass,95,141,332,290
glass228.jpg,512,384,glass,212,109,332,241
glass229.jpg,512,384,glass,85,136,444,295
glass23.jpg,512,384,glass,71,11,509,384
glass230.jpg,512,384,glass,100,133,350,247
glass231.jpg,512,384,glass,100,12,250,384
glass232.jpg,512,384,glass,91,86,437,343
glass233.jpg,512,384,glass,168,7,443,204
glass234.jpg,512,384,glass,2,179,231,284
glass235.jpg,512,384,glass,156,146,338,384
glass236.jpg,512,384,glass,102,97,342,265
glass237.jpg,512,384,glass,68,144,299,232
glass238.jpg,512,384,glass,144,4,301,231
glass239.jpg,512,384,glass,220,164,511,269
glass24.jpg,512,384,glass,198,148,305,245
glass240.jpg,512,384,glass,268,136,511,384
glass241.jpg,512,384,glass,122,187,283,384
glass242.jpg,512,384,glass,264,112,512,240
glass243.jpg,512,384,glass,241,1,445,383
glass244.jpg,512,384,glass,7,125,401,279
glass245.jpg,512,384,glass,77,66,403,326
glass246.jpg,512,384,glass,33,172,292,300
glass247.jpg,512,384,glass,4,129,367,335
glass248.jpg,512,384,glass,57,123,458,294
glass249.jpg,512,384,glass,61,167,411,340
glass25.jpg,512,384,glass,125,123,471,381
glass250.jpg,512,384,glass,71,137,405,274
glass251.jpg,512,384,glass,64,70,338,290
glass252.jpg,512,384,glass,190,181,320,384
glass253.jpg,512,384,glass,208,143,367,384
glass254.jpg,512,384,glass,37,286,482,384
glass255.jpg,512,384,glass,38,26,433,162
glass256.jpg,512,384,glass,2,265,350,384
glass257.jpg,512,384,glass,227,56,354,266
glass258.jpg,512,384,glass,1,171,366,360
glass259.jpg,512,384,glass,56,178,372,316
glass26.jpg,512,384,glass,39,65,439,309
glass260.jpg,512,384,glass,125,115,511,380
glass261.jpg,512,384,glass,99,124,455,384
glass262.jpg,512,384,glass,235,187,383,384
glass263.jpg,512,384,glass,1,171,291,341
glass264.jpg,512,384,glass,119,67,486,384
glass265.jpg,512,384,glass,196,73,438,384
glass266.jpg,512,384,glass,5,195,302,376
glass267.jpg,512,384,glass,12,60,491,212
glass268.jpg,512,384,glass,2,3,418,352
glass269.jpg,512,384,glass,4,63,486,266
glass27.jpg,512,384,glass,143,42,427,382
glass270.jpg,512,384,glass,161,1,338,351
glass271.jpg,512,384,glass,159,11,359,384
glass272.jpg,512,384,glass,7,116,446,244
glass273.jpg,512,384,glass,142,28,396,384
glass274.jpg,512,384,glass,1,83,372,317
glass275.jpg,512,384,glass,251,1,469,375
glass276.jpg,512,384,glass,195,178,354,384
glass277.jpg,512,384,glass,91,119,512,296
glass278.jpg,512,384,glass,64,1,201,268
glass278.jpg,512,384,glass,235,4,325,103
glass278.jpg,512,384,glass,223,130,326,193
glass278.jpg,512,384,glass,392,313,459,362
glass278.jpg,512,384,glass,17,330,112,384
glass279.jpg,512,384,glass,1,7,512,269
glass28.jpg,512,384,glass,126,1,405,325
glass280.jpg,512,384,glass,1,1,332,384
glass281.jpg,512,384,glass,202,151,331,270
glass282.jpg,512,384,glass,109,42,391,313
glass283.jpg,512,384,glass,159,100,464,384
glass284.jpg,512,384,glass,154,131,502,384
glass285.jpg,512,384,glass,164,192,429,382
glass286.jpg,512,384,glass,170,70,383,379
glass287.jpg,512,384,glass,7,119,385,383
glass288.jpg,512,384,glass,144,73,337,264
glass289.jpg,512,384,glass,171,79,382,351
glass29.jpg,512,384,glass,190,1,446,384
glass290.jpg,512,384,glass,2,1,331,384
glass291.jpg,512,384,glass,240,7,479,384
glass292.jpg,512,384,glass,219,56,446,382
glass293.jpg,512,384,glass,104,95,508,384
glass294.jpg,512,384,glass,51,53,311,306
glass295.jpg,512,384,glass,95,96,374,319
glass296.jpg,512,384,glass,57,92,426,384
glass297.jpg,512,384,glass,79,61,349,330
glass298.jpg,512,384,glass,134,2,411,178
glass299.jpg,512,384,glass,75,51,511,208
glass3.jpg,512,384,glass,133,117,299,250
glass30.jpg,512,384,glass,225,82,354,384
glass300.jpg,512,384,glass,215,34,409,383
glass301.jpg,512,384,glass,2,54,497,255
glass302.jpg,512,384,glass,73,5,394,314
glass303.jpg,512,384,glass,41,111,510,290
glass304.jpg,512,384,glass,191,115,363,248
glass305.jpg,512,384,glass,47,120,438,239
glass306.jpg,512,384,glass,54,24,479,247
glass307.jpg,512,384,glass,1,25,349,305
glass308.jpg,512,384,glass,42,16,421,379
glass309.jpg,512,384,glass,121,6,507,380
glass31.jpg,512,384,glass,30,51,358,362
glass310.jpg,512,384,glass,5,132,461,379
glass311.jpg,512,384,glass,28,124,508,324
glass312.jpg,512,384,glass,3,3,377,383
glass313.jpg,512,384,glass,2,28,376,384
glass314.jpg,512,384,glass,1,40,286,308
glass315.jpg,512,384,glass,73,105,440,384
glass316.jpg,512,384,glass,41,4,505,382
glass317.jpg,512,384,glass,20,144,475,270
glass318.jpg,512,384,glass,113,3,511,382
glass319.jpg,512,384,glass,1,119,509,338
glass32.jpg,512,384,glass,151,105,511,380
glass320.jpg,512,384,glass,31,126,428,273
glass321.jpg,512,384,glass,131,4,340,381
glass322.jpg,512,384,glass,56,137,413,382
glass323.jpg,512,384,glass,1,105,281,381
glass324.jpg,512,384,glass,74,57,511,378
glass325.jpg,512,384,glass,115,97,309,246
glass326.jpg,512,384,glass,64,4,511,323
glass327.jpg,512,384,glass,1,90,494,304
glass328.jpg,512,384,glass,185,5,413,384
glass329.jpg,512,384,glass,204,60,418,384
glass33.jpg,512,384,glass,104,17,510,384
glass330.jpg,512,384,glass,150,92,363,383
glass331.jpg,512,384,glass,131,60,391,307
glass332.jpg,512,384,glass,34,26,460,304
glass333.jpg,512,384,glass,195,4,409,355
glass334.jpg,512,384,glass,2,1,512,382
glass335.jpg,512,384,glass,168,100,481,383
glass336.jpg,512,384,glass,69,48,422,284
glass337.jpg,512,384,glass,91,8,352,277
glass338.jpg,512,384,glass,95,122,356,254
glass339.jpg,512,384,glass,196,129,304,223
glass34.jpg,512,384,glass,20,55,433,317
glass340.jpg,512,384,glass,113,7,511,384
glass341.jpg,512,384,glass,109,1,511,330
glass342.jpg,512,384,glass,114,1,461,384
glass343.jpg,512,384,glass,179,67,461,384
glass344.jpg,512,384,glass,182,138,325,258
glass345.jpg,512,384,glass,204,16,430,382
glass346.jpg,512,384,glass,151,1,511,383
glass347.jpg,512,384,glass,16,169,293,384
glass348.jpg,512,384,glass,30,79,474,264
glass349.jpg,512,384,glass,117,181,442,384
glass35.jpg,512,384,glass,13,1,447,362
glass350.jpg,512,384,glass,192,78,511,382
glass351.jpg,512,384,glass,3,3,511,245
glass352.jpg,512,384,glass,97,58,375,359
glass353.jpg,512,384,glass,146,130,360,384
glass354.jpg,512,384,glass,29,125,446,267
glass355.jpg,512,384,glass,107,3,511,272
glass356.jpg,512,384,glass,69,13,426,334
glass357.jpg,512,384,glass,1,1,512,383
glass358.jpg,512,384,glass,211,79,511,372
glass359.jpg,512,384,glass,2,3,512,298
glass36.jpg,512,384,glass,163,110,492,384
glass360.jpg,512,384,glass,64,78,511,292
glass361.jpg,512,384,glass,100,51,423,384
glass362.jpg,512,384,glass,116,55,336,327
glass363.jpg,512,384,glass,33,160,510,316
glass364.jpg,512,384,glass,11,4,510,384
glass365.jpg,512,384,glass,149,5,346,275
glass366.jpg,512,384,glass,231,80,476,382
glass367.jpg,512,384,glass,92,135,509,306
glass368.jpg,512,384,glass,227,54,416,384
glass369.jpg,512,384,glass,36,137,507,384
glass37.jpg,512,384,glass,29,122,483,251
glass370.jpg,512,384,glass,45,105,511,265
glass371.jpg,512,384,glass,91,63,442,384
glass372.jpg,512,384,glass,42,109,445,257
glass373.jpg,512,384,glass,177,1,355,344
glass374.jpg,512,384,glass,8,55,511,307
glass375.jpg,512,384,glass,129,104,511,313
glass376.jpg,512,384,glass,65,119,511,375
glass377.jpg,512,384,glass,50,1,435,384
glass378.jpg,512,384,glass,169,158,486,384
glass379.jpg,512,384,glass,1,3,399,368
glass38.jpg,512,384,glass,63,129,448,384
glass380.jpg,512,384,glass,158,120,311,256
glass381.jpg,512,384,glass,1,22,512,307
glass382.jpg,512,384,glass,212,112,462,384
glass383.jpg,512,384,glass,96,17,467,375
glass384.jpg,512,384,glass,9,87,486,290
glass385.jpg,512,384,glass,141,3,445,384
glass386.jpg,512,384,glass,190,130,506,384
glass387.jpg,512,384,glass,42,71,417,338
glass388.jpg,512,384,glass,181,2,452,384
glass389.jpg,512,384,glass,124,37,458,384
glass39.jpg,512,384,glass,63,83,473,315
glass390.jpg,512,384,glass,12,136,500,379
glass391.jpg,512,384,glass,54,24,497,368
glass392.jpg,512,384,glass,111,29,424,316
glass393.jpg,512,384,glass,196,69,500,383
glass394.jpg,512,384,glass,1,1,328,323
glass395.jpg,512,384,glass,90,150,511,332
glass396.jpg,512,384,glass,184,16,512,322
glass397.jpg,512,384,glass,1,47,475,328
glass398.jpg,512,384,glass,118,74,384,326
glass399.jpg,512,384,glass,4,88,465,296
glass4.jpg,512,384,glass,120,109,370,277
glass40.jpg,512,384,glass,12,1,510,384
glass400.jpg,512,384,glass,221,1,511,380
glass41.jpg,512,384,glass,163,76,399,347
glass42.jpg,512,384,glass,2,6,466,375
glass43.jpg,512,384,glass,19,28,446,384
glass44.jpg,512,384,glass,22,90,463,240
glass45.jpg,512,384,glass,141,101,511,367
glass46.jpg,512,384,glass,68,104,427,277
glass47.jpg,512,384,glass,113,129,377,300
glass48.jpg,512,384,glass,134,146,310,304
glass49.jpg,512,384,glass,129,1,480,348
glass5.jpg,512,384,glass,146,134,277,269
glass50.jpg,512,384,glass,1,1,380,309
glass51.jpg,512,384,glass,183,133,405,384
glass52.jpg,512,384,glass,8,70,354,336
glass53.jpg,512,384,glass,225,158,451,384
glass54.jpg,512,384,glass,177,1,493,383
glass55.jpg,512,384,glass,1,6,391,309
glass56.jpg,512,384,glass,197,8,464,384
glass57.jpg,512,384,glass,197,58,511,383
glass58.jpg,512,384,glass,183,1,388,384
glass59.jpg,512,384,glass,166,122,508,384
glass6.jpg,512,384,glass,193,61,322,285
glass60.jpg,512,384,glass,178,4,511,245
glass61.jpg,512,384,glass,135,25,511,382
glass62.jpg,512,384,glass,3,1,511,380
glass63.jpg,512,384,glass,188,49,395,384
glass64.jpg,512,384,glass,137,115,383,382
glass65.jpg,512,384,glass,72,34,509,384
glass66.jpg,512,384,glass,2,76,408,275
glass67.jpg,512,384,glass,43,97,511,379
glass68.jpg,512,384,glass,88,1,471,380
glass69.jpg,512,384,glass,31,126,328,258
glass7.jpg,512,384,glass,154,52,447,384
glass70.jpg,512,384,glass,3,116,492,384
glass71.jpg,512,384,glass,174,10,394,350
glass72.jpg,512,384,glass,127,62,512,382
glass73.jpg,512,384,glass,159,91,512,329
glass74.jpg,512,384,glass,186,139,281,224
glass75.jpg,512,384,glass,36,93,413,307
glass76.jpg,512,384,glass,178,62,410,283
glass77.jpg,512,384,glass,65,1,511,327
glass78.jpg,512,384,glass,5,69,512,218
glass79.jpg,512,384,glass,213,5,426,341
glass8.jpg,512,384,glass,142,173,357,384
glass80.jpg,512,384,glass,1,3,432,333
glass81.jpg,512,384,glass,41,102,447,293
glass82.jpg,512,384,glass,192,3,401,336
glass83.jpg,512,384,glass,19,63,511,209
glass84.jpg,512,384,glass,139,97,465,321
glass85.jpg,512,384,glass,3,2,512,382
glass86.jpg,512,384,glass,113,98,503,384
glass87.jpg,512,384,glass,150,123,449,311
glass88.jpg,512,384,glass,62,83,432,212
glass89.jpg,512,384,glass,90,50,428,352
glass9.jpg,512,384,glass,80,74,395,346
glass90.jpg,512,384,glass,135,2,358,384
glass91.jpg,512,384,glass,217,109,511,384
glass92.jpg,512,384,glass,105,57,384,325
glass93.jpg,512,384,glass,1,55,510,212
glass94.jpg,512,384,glass,235,186,398,384
glass95.jpg,512,384,glass,49,139,398,263
glass96.jpg,512,384,glass,170,63,348,384
glass97.jpg,512,384,glass,257,2,504,384
glass98.jpg,512,384,glass,103,2,421,384
glass99.jpg,512,384,glass,141,56,512,382
plastic1.jpg,512,384,glass,105,91,435,309
plastic10.jpg,512,384,plastic,165,120,316,258
plastic100.jpg,512,384,plastic,189,54,396,384
plastic101.jpg,512,384,plastic,27,1,418,324
plastic102.jpg,512,384,plastic,160,90,351,273
plastic103.jpg,512,384,plastic,93,3,500,372
plastic104.jpg,512,384,plastic,194,60,406,384
plastic105.jpg,512,384,plastic,182,43,438,384
plastic106.jpg,512,384,plastic,1,111,499,302
plastic107.jpg,512,384,plastic,129,62,399,319
plastic108.jpg,512,384,plastic,83,1,453,276
plastic109.jpg,512,384,plastic,10,133,453,325
plastic11.jpg,512,384,plastic,164,131,337,232
plastic110.jpg,512,384,plastic,1,82,421,315
plastic111.jpg,512,384,plastic,4,2,419,384
plastic112.jpg,512,384,plastic,1,86,412,357
plastic113.jpg,512,384,plastic,3,1,506,350
plastic114.jpg,512,384,plastic,1,1,263,384
plastic115.jpg,512,384,plastic,2,1,511,382
plastic116.jpg,512,384,plastic,50,36,512,318
plastic117.jpg,512,384,plastic,7,58,426,384
plastic118.jpg,512,384,plastic,19,6,512,379
plastic119.jpg,512,384,plastic,3,8,504,384
plastic12.jpg,512,384,plastic,173,55,334,292
plastic120.jpg,512,384,plastic,2,12,433,369
plastic121.jpg,512,384,plastic,23,54,362,379
plastic122.jpg,512,384,plastic,201,6,357,328
plastic123.jpg,512,384,plastic,12,15,427,384
plastic124.jpg,512,384,plastic,3,34,485,347
plastic125.jpg,512,384,plastic,3,12,512,369
plastic126.jpg,512,384,plastic,207,7,415,330
plastic127.jpg,512,384,plastic,235,87,481,271
plastic128.jpg,512,384,plastic,40,202,505,367
plastic129.jpg,512,384,plastic,56,184,360,344
plastic13.jpg,512,384,plastic,130,76,437,284
plastic130.jpg,512,384,plastic,81,100,397,323
plastic131.jpg,512,384,plastic,105,100,325,302
plastic132.jpg,512,384,plastic,4,17,349,384
plastic133.jpg,512,384,plastic,1,1,507,344
plastic134.jpg,512,384,plastic,58,103,498,296
plastic135.jpg,512,384,plastic,154,90,343,269
plastic136.jpg,512,384,plastic,115,104,305,320
plastic137.jpg,512,384,plastic,30,16,511,383
plastic138.jpg,512,384,plastic,107,97,346,254
plastic139.jpg,512,384,plastic,4,146,465,381
plastic14.jpg,512,384,plastic,52,4,446,304
plastic140.jpg,512,384,plastic,62,1,442,311
plastic141.jpg,512,384,plastic,82,3,471,351
plastic142.jpg,512,384,plastic,98,5,338,371
plastic143.jpg,512,384,plastic,22,4,465,366
plastic144.jpg,512,384,plastic,1,2,487,384
plastic145.jpg,512,384,plastic,43,147,497,300
plastic146.jpg,512,384,plastic,4,3,512,179
plastic147.jpg,512,384,plastic,75,40,410,347
plastic148.jpg,512,384,plastic,32,102,402,384
plastic149.jpg,512,384,plastic,144,2,512,370
plastic15.jpg,512,384,plastic,56,64,454,329
plastic150.jpg,512,384,plastic,153,141,379,259
plastic151.jpg,512,384,plastic,44,112,489,298
plastic152.jpg,512,384,plastic,3,86,512,291
plastic153.jpg,512,384,plastic,186,95,292,277
plastic154.jpg,512,384,plastic,184,139,294,223
plastic155.jpg,512,384,plastic,3,2,432,379
plastic156.jpg,512,384,plastic,83,5,511,380
plastic157.jpg,512,384,plastic,161,75,503,384
plastic158.jpg,512,384,plastic,11,3,457,273
plastic159.jpg,512,384,plastic,5,34,511,384
plastic16.jpg,512,384,plastic,2,2,391,343
plastic160.jpg,512,384,plastic,5,4,459,381
plastic161.jpg,512,384,plastic,12,1,472,337
plastic162.jpg,512,384,plastic,1,3,512,196
plastic163.jpg,512,384,plastic,25,51,389,330
plastic164.jpg,512,384,plastic,25,86,485,384
plastic165.jpg,512,384,plastic,14,130,505,332
plastic166.jpg,512,384,plastic,2,1,399,302
plastic167.jpg,512,384,plastic,139,19,330,339
plastic168.jpg,512,384,plastic,32,1,439,372
plastic169.jpg,512,384,plastic,12,121,486,288
plastic17.jpg,512,384,plastic,119,92,376,353
plastic170.jpg,512,384,plastic,103,109,247,305
plastic171.jpg,512,384,plastic,78,32,430,345
plastic172.jpg,512,384,plastic,51,83,345,290
plastic173.jpg,512,384,plastic,98,48,385,335
plastic174.jpg,512,384,plastic,107,65,390,259
plastic175.jpg,512,384,plastic,21,12,508,327
plastic176.jpg,512,384,plastic,150,142,257,286
plastic177.jpg,512,384,plastic,107,151,255,248
plastic178.jpg,512,384,plastic,107,149,271,235
plastic179.jpg,512,384,plastic,141,129,216,185
plastic179.jpg,512,384,plastic,158,200,276,284
plastic18.jpg,512,384,plastic,264,87,468,327
plastic18.jpg,512,384,plastic,41,4,261,293
plastic180.jpg,512,384,plastic,170,101,289,262
plastic181.jpg,512,384,plastic,149,122,287,254
plastic182.jpg,512,384,plastic,174,154,292,283
plastic183.jpg,512,384,plastic,86,127,298,300
plastic184.jpg,512,384,plastic,139,52,386,316
plastic185.jpg,512,384,plastic,172,21,273,304
plastic186.jpg,512,384,plastic,6,5,510,377
plastic187.jpg,512,384,plastic,14,90,318,269
plastic188.jpg,512,384,plastic,53,93,365,297
plastic189.jpg,512,384,plastic,40,97,476,298
plastic19.jpg,512,384,plastic,166,96,330,245
plastic190.jpg,512,384,plastic,6,47,505,380
plastic191.jpg,512,384,plastic,184,110,512,346
plastic192.jpg,512,384,plastic,81,1,486,365
plastic193.jpg,512,384,plastic,40,50,460,301
plastic194.jpg,512,384,plastic,24,1,512,347
plastic195.jpg,512,384,plastic,173,107,512,380
plastic196.jpg,512,384,plastic,4,4,356,329
plastic197.jpg,512,384,plastic,19,53,479,291
plastic198.jpg,512,384,plastic,12,1,480,375
plastic199.jpg,512,384,plastic,150,14,387,369
plastic2.jpg,512,384,plastic,36,142,157,224
plastic2.jpg,512,384,plastic,174,108,478,270
plastic20.jpg,512,384,plastic,84,27,387,348
plastic200.jpg,512,384,plastic,197,89,389,382
plastic201.jpg,512,384,plastic,101,4,466,362
plastic202.jpg,512,384,plastic,64,96,463,270
plastic203.jpg,512,384,plastic,55,11,403,359
plastic204.jpg,512,384,plastic,3,5,510,369
plastic205.jpg,512,384,plastic,6,50,380,351
plastic206.jpg,512,384,plastic,56,111,465,384
plastic207.jpg,512,384,plastic,3,11,462,343
plastic208.jpg,512,384,plastic,95,118,512,340
plastic209.jpg,512,384,plastic,119,48,421,383
plastic21.jpg,512,384,plastic,77,105,512,312
plastic210.jpg,512,384,plastic,1,2,412,384
plastic211.jpg,512,384,plastic,44,4,458,305
plastic212.jpg,512,384,plastic,81,2,486,372
plastic213.jpg,512,384,plastic,108,35,364,305
plastic214.jpg,512,384,plastic,38,67,499,368
plastic215.jpg,512,384,plastic,143,151,473,384
plastic216.jpg,512,384,plastic,32,7,512,381
plastic217.jpg,512,384,plastic,257,144,512,347
plastic218.jpg,512,384,plastic,32,4,512,328
plastic219.jpg,512,384,plastic,83,27,431,384
plastic22.jpg,512,384,plastic,170,59,412,288
plastic220.jpg,512,384,plastic,108,79,502,330
plastic221.jpg,512,384,plastic,182,50,511,382
plastic222.jpg,512,384,plastic,207,197,458,383
plastic223.jpg,512,384,plastic,104,2,511,384
plastic224.jpg,512,384,plastic,30,26,476,318
plastic225.jpg,512,384,plastic,4,82,512,383
plastic226.jpg,512,384,plastic,19,57,452,354
plastic227.jpg,512,384,plastic,61,10,493,308
plastic228.jpg,512,384,plastic,129,9,409,321
plastic229.jpg,512,384,plastic,162,56,366,255
plastic23.jpg,512,384,plastic,178,97,351,257
plastic230.jpg,512,384,plastic,37,115,400,283
plastic231.jpg,512,384,plastic,1,8,507,311
plastic232.jpg,512,384,plastic,133,98,512,359
plastic233.jpg,512,384,plastic,148,158,383,384
plastic234.jpg,512,384,plastic,84,100,440,294
plastic235.jpg,512,384,plastic,46,1,509,357
plastic236.jpg,512,384,plastic,111,68,428,274
plastic237.jpg,512,384,plastic,56,94,464,332
plastic238.jpg,512,384,plastic,4,30,512,383
plastic239.jpg,512,384,plastic,69,1,395,257
plastic24.jpg,512,384,plastic,212,7,511,193
plastic240.jpg,512,384,plastic,37,48,441,292
plastic241.jpg,512,384,plastic,4,98,473,305
plastic242.jpg,512,384,plastic,60,111,457,383
plastic243.jpg,512,384,plastic,4,61,512,382
plastic244.jpg,512,384,plastic,19,77,483,364
plastic245.jpg,512,384,plastic,101,37,414,339
plastic246.jpg,512,384,plastic,4,11,505,325
plastic247.jpg,512,384,plastic,115,107,484,384
plastic248.jpg,512,384,plastic,25,27,408,353
plastic249.jpg,512,384,plastic,98,41,358,296
plastic25.jpg,512,384,plastic,8,7,512,377
plastic250.jpg,512,384,plastic,2,1,422,312
plastic251.jpg,512,384,plastic,1,65,485,222
plastic252.jpg,512,384,plastic,83,121,465,382
plastic253.jpg,512,384,plastic,49,2,404,303
plastic254.jpg,512,384,plastic,15,137,510,383
plastic255.jpg,512,384,plastic,141,40,440,382
plastic256.jpg,512,384,plastic,191,135,344,273
plastic257.jpg,512,384,plastic,15,100,512,294
plastic258.jpg,512,384,plastic,133,33,512,380
plastic259.jpg,512,384,plastic,149,51,416,298
plastic26.jpg,512,384,plastic,191,108,309,231
plastic260.jpg,512,384,plastic,207,47,512,303
plastic261.jpg,512,384,plastic,60,8,406,324
plastic262.jpg,512,384,plastic,153,100,459,384
plastic263.jpg,512,384,plastic,110,5,478,384
plastic264.jpg,512,384,plastic,98,130,510,384
plastic265.jpg,512,384,plastic,146,2,341,248
plastic266.jpg,512,384,plastic,72,80,378,247
plastic267.jpg,512,384,plastic,33,1,512,295
plastic268.jpg,512,384,plastic,7,93,512,383
plastic269.jpg,512,384,plastic,102,100,436,319
plastic27.jpg,512,384,plastic,50,28,462,297
plastic270.jpg,512,384,plastic,146,47,395,302
plastic271.jpg,512,384,plastic,90,102,493,384
plastic272.jpg,512,384,plastic,14,107,512,319
plastic273.jpg,512,384,plastic,73,4,485,356
plastic274.jpg,512,384,plastic,179,44,358,382
plastic275.jpg,512,384,plastic,112,78,412,296
plastic276.jpg,512,384,plastic,156,76,350,382
plastic277.jpg,512,384,plastic,151,2,392,283
plastic278.jpg,512,384,plastic,178,97,398,382
plastic279.jpg,512,384,plastic,4,4,496,332
plastic28.jpg,512,384,plastic,130,3,512,383
plastic280.jpg,512,384,plastic,35,81,496,327
plastic281.jpg,512,384,plastic,9,128,512,380
plastic282.jpg,512,384,plastic,7,1,488,365
plastic283.jpg,512,384,plastic,70,2,435,325
plastic284.jpg,512,384,plastic,27,9,507,384
plastic285.jpg,512,384,plastic,94,51,500,384
plastic286.jpg,512,384,plastic,93,46,419,384
plastic287.jpg,512,384,plastic,58,97,452,240
plastic288.jpg,512,384,plastic,169,32,425,382
plastic289.jpg,512,384,plastic,144,3,357,378
plastic29.jpg,512,384,plastic,179,18,512,380
plastic290.jpg,512,384,plastic,211,145,454,384
plastic291.jpg,512,384,plastic,5,73,461,303
plastic292.jpg,512,384,plastic,76,54,467,279
plastic293.jpg,512,384,plastic,145,5,450,347
plastic294.jpg,512,384,plastic,202,103,387,274
plastic295.jpg,512,384,plastic,150,77,359,384
plastic296.jpg,512,384,plastic,13,122,511,297
plastic297.jpg,512,384,plastic,3,48,371,363
plastic298.jpg,512,384,plastic,29,72,445,223
plastic299.jpg,512,384,plastic,97,78,382,383
plastic3.jpg,512,384,plastic,105,73,386,280
plastic30.jpg,512,384,plastic,47,1,423,288
plastic300.jpg,512,384,plastic,23,102,471,283
plastic301.jpg,512,384,plastic,148,123,486,384
plastic302.jpg,512,384,plastic,55,125,512,341
plastic303.jpg,512,384,plastic,218,176,391,384
plastic304.jpg,512,384,plastic,1,38,147,384
plastic305.jpg,512,384,plastic,53,1,483,305
plastic306.jpg,512,384,plastic,114,1,410,331
plastic307.jpg,512,384,plastic,122,16,393,289
plastic308.jpg,512,384,plastic,133,57,401,384
plastic309.jpg,512,384,plastic,259,125,511,384
plastic31.jpg,512,384,plastic,175,40,399,287
plastic310.jpg,512,384,plastic,2,1,510,332
plastic311.jpg,512,384,plastic,36,130,397,383
plastic312.jpg,512,384,plastic,118,1,512,383
plastic313.jpg,512,384,plastic,96,72,429,282
plastic314.jpg,512,384,plastic,54,14,385,367
plastic315.jpg,512,384,plastic,118,77,403,268
plastic316.jpg,512,384,plastic,91,126,448,384
plastic317.jpg,512,384,plastic,135,36,423,315
plastic318.jpg,512,384,plastic,61,1,390,332
plastic319.jpg,512,384,plastic,43,30,445,315
plastic32.jpg,512,384,plastic,109,6,425,361
plastic320.jpg,512,384,plastic,1,1,507,377
plastic321.jpg,512,384,plastic,72,112,479,382
plastic322.jpg,512,384,plastic,66,1,451,326
plastic323.jpg,512,384,plastic,148,49,414,310
plastic324.jpg,512,384,plastic,159,38,479,384
plastic325.jpg,512,384,plastic,136,58,348,384
plastic326.jpg,512,384,plastic,55,59,439,311
plastic327.jpg,512,384,plastic,193,156,404,380
plastic328.jpg,512,384,plastic,90,37,443,364
plastic329.jpg,512,384,plastic,86,3,455,339
plastic33.jpg,512,384,plastic,94,72,372,352
plastic330.jpg,512,384,plastic,53,9,439,382
plastic331.jpg,512,384,plastic,125,119,467,254
plastic332.jpg,512,384,plastic,138,42,457,384
plastic333.jpg,512,384,plastic,96,2,448,347
plastic334.jpg,512,384,plastic,40,52,463,225
plastic335.jpg,512,384,plastic,143,66,490,384
plastic336.jpg,512,384,plastic,142,72,350,252
plastic337.jpg,512,384,plastic,68,2,460,296
plastic338.jpg,512,384,plastic,90,71,217,272
plastic339.jpg,512,384,plastic,96,39,486,384
plastic34.jpg,512,384,plastic,227,1,370,251
plastic340.jpg,512,384,plastic,43,96,489,341
plastic341.jpg,512,384,plastic,137,1,512,287
plastic342.jpg,512,384,plastic,176,64,466,384
plastic343.jpg,512,384,plastic,23,160,512,379
plastic344.jpg,512,384,plastic,2,38,512,382
plastic345.jpg,512,384,plastic,121,75,467,384
plastic346.jpg,512,384,plastic,28,116,450,268
plastic347.jpg,512,384,plastic,130,1,512,383
plastic348.jpg,512,384,plastic,137,71,355,289
plastic349.jpg,512,384,plastic,226,20,512,361
plastic35.jpg,512,384,plastic,194,98,408,296
plastic350.jpg,512,384,plastic,210,43,421,383
plastic351.jpg,512,384,plastic,61,104,479,309
plastic352.jpg,512,384,plastic,5,1,385,384
plastic353.jpg,512,384,plastic,127,109,418,218
plastic354.jpg,512,384,plastic,124,38,511,384
plastic355.jpg,512,384,plastic,88,66,512,370
plastic356.jpg,512,384,plastic,151,9,380,332
plastic357.jpg,512,384,plastic,135,129,451,384
plastic358.jpg,512,384,plastic,24,158,476,301
plastic359.jpg,512,384,plastic,64,133,424,257
plastic36.jpg,512,384,plastic,35,54,479,358
plastic360.jpg,512,384,plastic,97,98,410,249
plastic361.jpg,512,384,plastic,137,121,374,305
plastic362.jpg,512,384,plastic,189,1,500,237
plastic363.jpg,512,384,plastic,114,122,257,271
plastic364.jpg,512,384,plastic,3,12,512,379
plastic365.jpg,512,384,plastic,114,46,471,384
plastic366.jpg,512,384,plastic,48,26,476,384
plastic367.jpg,512,384,plastic,177,1,441,333
plastic368.jpg,512,384,plastic,10,1,499,384
plastic369.jpg,512,384,plastic,103,1,511,380
plastic37.jpg,512,384,plastic,14,52,512,349
plastic370.jpg,512,384,plastic,52,116,462,277
plastic371.jpg,512,384,plastic,117,5,465,383
plastic372.jpg,512,384,plastic,205,1,512,272
plastic373.jpg,512,384,plastic,139,37,460,294
plastic374.jpg,512,384,plastic,68,103,446,234
plastic375.jpg,512,384,plastic,75,135,434,359
plastic376.jpg,512,384,plastic,43,71,474,384
plastic377.jpg,512,384,plastic,110,26,389,286
plastic378.jpg,512,384,plastic,244,17,417,378
plastic379.jpg,512,384,plastic,74,93,457,253
plastic38.jpg,512,384,plastic,130,77,512,382
plastic380.jpg,512,384,plastic,70,98,390,302
plastic381.jpg,512,384,plastic,66,102,450,269
plastic382.jpg,512,384,plastic,17,55,489,254
plastic383.jpg,512,384,plastic,107,121,459,268
plastic384.jpg,512,384,plastic,133,6,423,347
plastic385.jpg,512,384,plastic,148,62,378,291
plastic39.jpg,512,384,plastic,5,83,512,382
plastic4.jpg,512,384,plastic,86,58,378,304
plastic40.jpg,512,384,plastic,4,1,428,318
plastic41.jpg,512,384,plastic,115,52,380,313
plastic42.jpg,512,384,plastic,107,15,512,342
plastic43.jpg,512,384,plastic,240,113,400,283
plastic44.jpg,512,384,plastic,148,16,429,355
plastic45.jpg,512,384,plastic,154,144,438,384
plastic46.jpg,512,384,plastic,110,123,509,384
plastic47.jpg,512,384,plastic,108,128,389,229
plastic48.jpg,512,384,plastic,235,6,512,370
plastic49.jpg,512,384,plastic,23,91,470,280
plastic5.jpg,512,384,plastic,168,46,304,294
plastic50.jpg,512,384,plastic,60,9,444,347
plastic51.jpg,512,384,plastic,44,96,325,384
plastic52.jpg,512,384,plastic,147,81,362,308
plastic53.jpg,512,384,plastic,68,34,481,384
plastic54.jpg,512,384,plastic,1,2,510,384
plastic55.jpg,512,384,plastic,1,1,374,384
plastic56.jpg,512,384,plastic,115,18,415,339
plastic57.jpg,512,384,plastic,169,65,484,384
plastic58.jpg,512,384,plastic,194,67,479,384
plastic59.jpg,512,384,plastic,44,1,462,307
plastic6.jpg,512,384,plastic,98,39,329,335
plastic60.jpg,512,384,plastic,46,151,437,311
plastic61.jpg,512,384,plastic,141,52,449,347
plastic62.jpg,512,384,plastic,125,22,394,384
plastic63.jpg,512,384,plastic,124,79,408,365
plastic64.jpg,512,384,plastic,71,47,412,288
plastic65.jpg,512,384,plastic,101,144,329,384
plastic66.jpg,512,384,plastic,26,1,509,314
plastic67.jpg,512,384,plastic,46,57,472,384
plastic68.jpg,512,384,plastic,126,3,512,282
plastic69.jpg,512,384,plastic,16,41,440,273
plastic7.jpg,512,384,plastic,37,98,324,284
plastic70.jpg,512,384,plastic,1,153,440,380
plastic71.jpg,512,384,plastic,36,41,465,297
plastic72.jpg,512,384,plastic,143,25,397,291
plastic73.jpg,512,384,plastic,180,48,345,382
plastic74.jpg,512,384,plastic,102,1,470,384
plastic75.jpg,512,384,plastic,141,8,436,297
plastic76.jpg,512,384,plastic,174,101,393,314
plastic77.jpg,512,384,plastic,134,27,451,321
plastic78.jpg,512,384,plastic,3,80,510,384
plastic79.jpg,512,384,plastic,3,4,446,382
plastic8.jpg,512,384,plastic,130,51,429,328
plastic80.jpg,512,384,plastic,61,76,480,319
plastic81.jpg,512,384,plastic,4,4,393,384
plastic82.jpg,512,384,plastic,55,2,510,384
plastic83.jpg,512,384,plastic,175,4,512,295
plastic84.jpg,512,384,plastic,156,7,512,380
plastic85.jpg,512,384,plastic,215,38,490,306
plastic86.jpg,512,384,plastic,1,102,512,377
plastic87.jpg,512,384,plastic,2,2,512,316
plastic88.jpg,512,384,plastic,115,8,474,384
plastic89.jpg,512,384,plastic,73,52,512,376
plastic9.jpg,512,384,plastic,177,146,325,238
plastic90.jpg,512,384,plastic,153,54,416,308
plastic91.jpg,512,384,plastic,206,35,397,384
plastic92.jpg,512,384,plastic,10,58,506,384
plastic93.jpg,512,384,plastic,138,70,403,384
plastic94.jpg,512,384,plastic,66,116,457,286
plastic95.jpg,512,384,plastic,3,94,512,313
plastic96.jpg,512,384,plastic,116,82,457,279
plastic97.jpg,512,384,plastic,66,56,353,316
plastic98.jpg,512,384,plastic,132,62,375,293
plastic99.jpg,512,384,plastic,60,48,307,283
